Emp_id,Name,Designation,Salary,Grade
E001,Liam,Professor,251000,1
E002,Noah,Asst_Professor,120000,2
E003,Oliver,Director,432000,3
E004,Elijah,Professor,261200,3
E005,William,Asst_Professor,110500,2
E006,James,Associate_prof,180000,1
E007,Benjamin,Asst_Professor,111000,1
E008,Lucas,Asst_Professor,112000,2
E009,Henry,Asst_Professor,112000,3
E010,Alexander,Asst_Professor,113005,1
E011,Mason,Professor,241000,1
E012,Michael,Associate_prof,178000,2
E013,Ethan,Associate_prof,192000,1
E014,Daniel,Associate_prof,193000,1
E015,Jacob,Professor,243000,3
E016,Logan,Asst_Professor,120000,3
E017,Jackson,Asst_Professor,130000,1
E018,Levi,Professor,247000,2
E019,Sebastian,Asst_Professor,135020,3
E020,Mateo,Associate_prof,194000,3
E021,Jack,Asst_Professor,141022,2
E022,Owen,Asst_Professor,124000,1
E023,Theodore,Asst_Professor,150000,1
E024,Aiden,Asst_Professor,131000,2
E025,Samuel,Professor,248000,3
E026,Joseph,Associate_prof,195000,1
E027,John,Associate_prof,180000,1
E028,David,Associate_prof,180000,2
E029,Wyatt,Asst_Professor,178000,1
E030,Matthew,Asst_Professor,192000,1
E031,Luke,Asst_Professor,193000,3
E032,Asher,Asst_Professor,194000,3
E033,Carter,Professor,254000,1
E034,Julian,Asst_Professor,180000,2
E035,Grayson,Associate_prof,180000,3
E036,Leo,Asst_Professor,178000,3
E037,Jayden,Asst_Professor,192000,2
E038,Gabriel,Asst_Professor,193000,1
E039,Isaac,Asst_Professor,194000,1
E040,Lincoln,Professor,251000,2
E041,Anthony,Associate_prof,180000,3
E042,Hudson,Associate_prof,180000,1
E043,Dylan,Associate_prof,195000,1
E044,Ezra,Asst_Professor,131000,2
E045,Thomas,Asst_Professor,132000,1
E046,Charles,Asst_Professor,133005,1
E047,Christopher,Asst_Professor,127000,3
E048,Jaxon,Professor,237000,3
E049,Maverick,Asst_Professor,120000,1
E050,Josiah,Associate_prof,195000,2
E051,Isaiah,Asst_Professor,110755,3
E052,Andrew,Asst_Professor,111011,3
E053,Elias,Asst_Professor,111267,2
E054,Joshua,Asst_Professor,111523,1
E055,Nathan,Professor,251000,1
E056,Caleb,Associate_prof,261200,2
E057,Ryan,Associate_prof,241000,3
E058,Adrian,Associate_prof,243000,1
E059,Miles,Asst_Professor,247000,1
E060,Eli,Asst_Professor,248000,2
E061,Nolan,Asst_Professor,254000,1
E062,Christian,Asst_Professor,251000,1
E063,Aaron,Professor,237000,3
E064,Cameron,Asst_Professor,127000,3
E065,Ezekiel,Associate_prof,220000,1
E066,Colton,Asst_Professor,178000,2
E067,Luca,Asst_Professor,192000,3
E068,Landon,Asst_Professor,193000,3
E069,Hunter,Asst_Professor,194000,2
E070,Jonathan,Professor,251000,1
E071,Santiago,Associate_prof,261200,1
E072,Axel,Associate_prof,241000,2
E073,Easton,Associate_prof,243000,3
E074,Cooper,Asst_Professor,247000,1
E075,Jeremiah,Asst_Professor,248000,1
E076,Angel,Asst_Professor,254000,2
E077,Roman,Asst_Professor,251000,1
E078,Connor,Professor,237000,1
E079,Jameson,Asst_Professor,132000,3
E080,Robert,Associate_prof,178000,3
E081,Greyson,Asst_Professor,192000,1
E082,Jordan,Asst_Professor,120000,2
E083,Ian,Asst_Professor,110500,3
E084,Carson,Asst_Professor,110755,3
E085,Jaxson,Professor,255000,2
E086,Leonardo,Associate_prof,261200,1
E087,Nicholas,Associate_prof,241000,1
E088,Dominic,Associate_prof,243000,2
E089,Austin,Asst_Professor,247000,3
E090,Everett,Asst_Professor,248000,1
E091,Brooks,Asst_Professor,254000,1
E092,Xavier,Asst_Professor,251000,2
E093,Kai,Director,237000,1
E094,Jose,Asst_Professor,131000,1
E095,Parker,Asst_Professor,132000,3
E096,Adam,Asst_Professor,133005,3
E097,Jace,Professor,251500,1
E098,Wesley,Asst_Professor,261200,2
E099,Kayden,Associate_prof,241000,3
E100,Silas,Asst_Professor,243000,3
E101,Bennett,Asst_Professor,247000,2
E102,Declan,Asst_Professor,248000,1
E103,Waylon,Asst_Professor,254000,1
E104,Weston,Professor,251000,2
E105,Evan,Associate_prof,237000,3
E106,Emmett,Associate_prof,192000,1
E107,Micah,Associate_prof,193000,1
E108,Ryder,Asst_Professor,120000,2
E109,Beau,Asst_Professor,110755,1
E110,Damian,Asst_Professor,111011,1
E111,Brayden,Asst_Professor,111267,3
E112,Gael,Asst_Professor,111523,3
E113,Rowan,Asst_Professor,124000,1
E114,Harrison,Asst_Professor,150000,2
E115,Bryson,Professor,257000,3
E116,Sawyer,Asst_Professor,261200,3
E117,Amir,Associate_prof,241000,2
E118,Kingston,Asst_Professor,243000,1
E119,Jason,Asst_Professor,247000,1
E120,Giovanni,Asst_Professor,248000,2
E121,Vincent,Asst_Professor,254000,3
E122,Ayden,Professor,251070,1
E123,Chase,Associate_prof,237000,1
E124,Myles,Associate_prof,178000,2
E125,Diego,Associate_prof,192000,1
E126,Nathaniel,Asst_Professor,135000,1
E127,Legend,Asst_Professor,148000,3
E128,Jonah,Asst_Professor,144000,3
E129,River,Asst_Professor,124000,1
E130,Tyler,Director,432000,1
E131,Cole,Director,450000,1
